time,gx,gy,gz,ax,ay,az,Mag_X,Mag_Y,Mag_Z,p
466738,0.082124,0.048695,0.022428,0.985446735,-0.041251939,0.048433265,-0.593384,-0.150959,0.248721,1016.550781
466838,0.090635,0.0525,0.020103,0.988811837,-0.061478878,0.05091,-0.588869,-0.148467,0.24735,1016.550781
466938,0.113573,0.075294,0.018058,0.989669388,-0.074522347,0.047087755,-0.587857,-0.149929,0.246274,1016.550781
467038,0.134085,0.105421,0.016086,0.981979694,-0.086219796,0.035898469,-0.59089,-0.149005,0.248823,1016.550781
467138,0.152447,0.126728,0.015919,0.972977755,-0.094498673,0.034578061,-0.589838,-0.148877,0.245825,1016.550781
467238,0.164043,0.134628,0.011939,0.963026633,-0.101396633,0.038644796,-0.588399,-0.148547,0.248849,1016.550781
467338,0.170495,0.127932,0.01079,0.952671429,-0.105416531,0.039071837,-0.58784,-0.145919,0.245978,1016.550781
467438,0.181078,0.114255,0.010382,0.952554796,-0.113724184,0.047218469,-0.587352,-0.146449,0.246452,1016.550781
467538,0.20163,0.102458,0.014595,0.960545204,-0.119126224,0.059474184,-0.589813,-0.144843,0.245028,1016.550781
467638,0.224971,0.098456,0.019334,0.977024388,-0.12204051,0.068667857,-0.586329,-0.146891,0.244928,1016.550781
467738,0.253763,0.104017,0.026082,0.996144082,-0.130633673,0.079590612,-0.587279,-0.146755,0.242429,1016.550781
467838,0.281119,0.118293,0.030617,1.021143265,-0.140493061,0.083158673,-0.589296,-0.145301,0.244004,1016.550781
467938,0.305193,0.140625,0.039728,1.037432551,-0.14921,0.082619082,-0.586814,-0.144866,0.244529,1016.550781
468038,0.333808,0.157609,0.044573,1.048226837,-0.151370102,0.082106327,-0.588775,-0.142769,0.243131,1016.550781
468138,0.368155,0.173884,0.047571,1.057230816,-0.143040714,0.083946531,-0.587751,-0.142713,0.241632,1016.549011
468238,0.403712,0.188123,0.043668,1.061069082,-0.127833367,0.085678163,-0.588743,-0.140206,0.241759,1016.549011
468338,0.433814,0.197167,0.038031,1.061634082,-0.10309551,0.093287653,-0.591714,-0.140609,0.240733,1016.549011
468438,0.448619,0.192579,0.034307,1.058233878,-0.068001327,0.100263163,-0.592706,-0.138101,0.240859,1016.549011
468538,0.455712,0.179874,0.027099,1.053895816,-0.040264694,0.114378673,-0.593707,-0.135619,0.241486,1016.549011
468638,0.448767,0.161638,0.016126,1.049640612,-0.017397857,0.128566939,-0.593751,-0.134244,0.244061,1016.549011
468738,0.441172,0.140276,0.005708,1.033475306,0.000112551,0.143470918,-0.596182,-0.132067,0.241163,1016.549011
468838,0.440568,0.114212,-0.000989,1.016633061,0.014776122,0.156116122,-0.595702,-0.132123,0.242163,1016.549011
468938,0.439269,0.101175,-0.010503,0.995881633,0.012465612,0.155553061,-0.595656,-0.127045,0.240418,1016.549011
469038,0.446518,0.094415,-0.019041,0.97006949,-0.000515102,0.149398367,-0.595646,-0.126523,0.239943,1016.549011
469138,0.45997,0.058488,-0.022369,0.939591224,-0.018943469,0.140612551,-0.592702,-0.125694,0.242494,1016.549011
469238,0.475604,0.00966,-0.020314,0.91516602,-0.033204592,0.135212245,-0.593741,-0.123806,0.245095,1016.549011
469338,0.485776,-0.040697,-0.016986,0.89894898,-0.047047551,0.133787653,-0.592726,-0.123773,0.244095,1016.549011
469438,0.491192,-0.08339,-0.01365,0.892436327,-0.061482959,0.132009388,-0.589252,-0.120389,0.245274,1016.549011
469538,0.486717,-0.126587,-0.0058,0.88634051,-0.074551429,0.126898265,-0.591801,-0.121491,0.248221,1016.549011
469638,0.476513,-0.156793,0.003872,0.887911735,-0.086579592,0.131613469,-0.592784,-0.119458,0.247822,1016.549011
469738,0.458161,-0.174795,0.012996,0.895731633,-0.09353102,0.141955102,-0.588273,-0.119457,0.246324,1016.549011
469838,0.439161,-0.176136,0.023194,0.905248571,-0.097541122,0.156848469,-0.586323,-0.117616,0.248926,1016.550781
469938,0.421252,-0.165403,0.033711,0.919198673,-0.095375612,0.160534694,-0.583812,-0.116113,0.248003,1016.550781
470038,0.403138,-0.151638,0.037951,0.930115,-0.089587755,0.158933265,-0.584341,-0.11817,0.2494,1016.550781
470138,0.399702,-0.149293,0.034269,0.947322653,-0.088529694,0.158278673,-0.581861,-0.118732,0.249876,1016.550781
470238,0.391576,-0.152415,0.029411,0.961272551,-0.076939388,0.151562857,-0.580872,-0.117775,0.250427,1016.550781
470338,0.381668,-0.163309,0.019603,0.969514592,-0.066827959,0.14995102,-0.579445,-0.119462,0.25385,1016.550781
470438,0.376741,-0.172028,0.008809,0.979952143,-0.06352,0.154958367,-0.57942,-0.115428,0.253053,1016.550781
470538,0.364421,-0.17487,-0.001057,0.993786837,-0.059495,0.158263878,-0.57692,-0.115443,0.252554,1016.550781
470638,0.347133,-0.161137,-0.01316,1.004875,-0.052559898,0.167740612,-0.57545,-0.113547,0.254156,1016.550781
470738,0.333586,-0.128175,-0.02576,1.010253265,-0.041680408,0.173713265,-0.573977,-0.115611,0.255054,1016.550781
470838,0.325157,-0.095769,-0.039703,1.006822245,-0.037001837,0.177502143,-0.574493,-0.114655,0.256104,1016.550781
470938,0.311213,-0.077145,-0.055543,1.000234286,-0.03050602,0.180053265,-0.571997,-0.117162,0.255478,1016.550781
471038,0.296166,-0.069603,-0.06918,0.991626633,-0.028014286,0.18829102,-0.571026,-0.115755,0.257054,1016.550781
471138,0.281561,-0.066913,-0.083202,0.980706531,-0.016882653,0.191773469,-0.571034,-0.114783,0.257605,1016.550781
471238,0.270482,-0.068663,-0.093291,0.972678265,-0.009990102,0.195697449,-0.567552,-0.117827,0.257453,1016.550781
471338,0.261029,-0.06696,-0.098854,0.962321224,-0.005195714,0.196646327,-0.567104,-0.114492,0.26063,1016.550781
471438,0.244429,-0.070394,-0.106302,0.955031633,-0.009011224,0.187152143,-0.568095,-0.116944,0.260003,1016.545044
471538,0.242685,-0.073503,-0.107636,0.953616939,-0.016661224,0.180939592,-0.569562,-0.116848,0.258503,1016.545044
471638,0.243924,-0.075301,-0.118446,0.950260816,-0.003085306,0.17127398,-0.563659,-0.117135,0.262504,1016.545044
471738,0.238976,-0.075377,-0.132629,0.950774796,-0.008458776,0.170666735,-0.565114,-0.120977,0.259801,1016.545044
471838,0.227624,-0.063582,-0.141474,0.951697551,-0.003207347,0.17658102,-0.565193,-0.124159,0.263647,1016.545044
471938,0.207242,-0.050509,-0.150258,0.954008163,-0.002172449,0.186331837,-0.560179,-0.121176,0.262301,1016.545044
472038,0.175251,-0.046728,-0.15629,0.950634388,-0.016527143,0.186752041,-0.560697,-0.122213,0.26325,1016.545044
472138,0.150304,-0.05725,-0.150711,0.950398265,-0.007608878,0.198319796,-0.558149,-0.12607,0.259549,1016.545044
472238,0.124249,-0.061991,-0.170353,0.962763367,0.007853061,0.21756551,-0.558185,-0.130626,0.26082,1016.545044
472338,0.082158,-0.049494,-0.18195,0.9685,0.005273367,0.222902449,-0.558173,-0.129606,0.260371,1016.545044
472438,0.05231,-0.045306,-0.191861,0.967968673,0.003410612,0.229799796,-0.554207,-0.134675,0.260618,1016.545044
472538,0.034342,-0.04,-0.19478,0.976862041,0.008026224,0.237928776,-0.554679,-0.135591,0.259067,1016.545044
472638,0.012433,-0.024801,-0.186826,0.989601939,-0.012592857,0.239106837,-0.551696,-0.139127,0.25889,1016.545044
472738,-0.004159,-0.016874,-0.18836,0.991856327,0.03040398,0.250460816,-0.549712,-0.14414,0.258637,1016.545044
472838,-0.021341,-0.005917,-0.210473,0.996322347,0.040213265,0.265924592,-0.545694,-0.1461,0.256537,1016.545044
472938,-0.04623,-0.005543,-0.221876,0.991585918,0.039352041,0.274693776,-0.543226,-0.148679,0.257411,1016.545044
473038,-0.085246,-0.011807,-0.22971,0.986767857,0.023015102,0.273643061,-0.54225,-0.154698,0.257606,1016.545044
473138,-0.114337,-0.015444,-0.236991,0.983513776,0.003951327,0.270676939,-0.540249,-0.160161,0.256328,1016.545044
473238,-0.125282,0.002328,-0.242173,0.987383469,-0.017605204,0.260792857,-0.536235,-0.159654,0.254855,1016.545044
473338,-0.123155,0.027873,-0.239611,0.989149694,-0.035803163,0.237915408,-0.531724,-0.16511,0.252578,1016.545044
473438,-0.110568,0.059189,-0.238708,0.997990714,-0.050692959,0.226947041,-0.528217,-0.169577,0.250851,1016.545044
473538,-0.09874,0.096103,-0.23457,1.021250408,-0.041752551,0.232611633,-0.526278,-0.173216,0.253173,1016.545044
473638,-0.10385,0.140177,-0.226356,1.062887653,-0.035622959,0.239640408,-0.522722,-0.176567,0.248997,1016.545044
473738,-0.135759,0.177542,-0.211592,1.096236122,-0.039007551,0.221018163,-0.522229,-0.184522,0.248091,1016.545044
473838,-0.144407,0.180221,-0.188318,1.113296429,-0.054968367,0.179958265,-0.51623,-0.188032,0.246416,1016.545044
473938,-0.108999,0.149019,-0.155192,1.132741939,-0.088045612,0.134384388,-0.517194,-0.190411,0.244289,1016.545044
474038,-0.039776,0.119028,-0.119521,1.156623469,-0.087227857,0.097274184,-0.51375,-0.194051,0.246112,1016.545044
474138,0.032182,0.093437,-0.091254,1.184024694,-0.084912959,0.067443265,-0.514208,-0.19741,0.243435,1016.545044
474238,0.076743,0.071934,-0.074587,1.228244898,-0.087647857,0.05445,-0.507257,-0.205018,0.243556,1016.545044
474338,0.08328,0.089367,-0.065719,1.280717143,-0.090606837,0.053442959,-0.513263,-0.205494,0.245028,1016.545044
474438,0.057536,0.111238,-0.063381,1.32093102,-0.069441429,0.060540612,-0.513713,-0.209825,0.2418,1016.545044
474538,0.028962,0.13617,-0.068252,1.350778571,-0.040238265,0.066646939,-0.513244,-0.210404,0.243274,1016.545044
474638,-0.002609,0.162744,-0.076413,1.359438163,-0.007666224,0.070574694,-0.515287,-0.212984,0.245646,1016.546753
474738,-0.052229,0.18169,-0.082611,1.337468163,0.03342051,0.074033163,-0.518769,-0.215395,0.245018,1016.546753
474838,-0.108644,0.182268,-0.09154,1.296367449,0.07303449,0.076533265,-0.52372,-0.218708,0.242839,1016.546753
474938,-0.167128,0.172848,-0.096385,1.242391429,0.114805102,0.073384082,-0.524735,-0.219238,0.243813,1016.546753
475038,-0.233462,0.158023,-0.097058,1.186038776,0.138508367,0.058315306,-0.529705,-0.21764,0.243388,1016.546753
475138,-0.292131,0.147034,-0.099583,1.131432449,0.143354694,0.033693163,-0.533185,-0.219056,0.242811,1016.546753
475238,-0.337466,0.131206,-0.096737,1.075419796,0.130551429,-0.004469592,-0.533691,-0.218574,0.243336,1016.546753
475338,-0.371132,0.095966,-0.085555,1.012490918,0.102180918,-0.052753469,-0.536128,-0.219884,0.24026,1016.546753
475438,-0.410722,0.043366,-0.068066,0.942190714,0.081958367,-0.097202143,-0.537626,-0.221853,0.240158,1016.546753
475538,-0.443331,-0.036532,-0.044917,0.871656837,0.065782653,-0.130583571,-0.543572,-0.224652,0.238004,1016.546753
475638,-0.474332,-0.115236,-0.022959,0.832069592,0.060115102,-0.147217449,-0.545089,-0.227167,0.238877,1016.546753
475738,-0.503611,-0.163456,0.001016,0.793482143,0.073387041,-0.140459898,-0.54658,-0.230109,0.238224,1016.546753
475838,-0.532406,-0.181382,0.014506,0.765892143,0.090502347,-0.124422143,-0.550468,-0.233268,0.232547,1016.546753
475938,-0.534756,-0.170985,0.023975,0.759452041,0.10207398,-0.097026837,-0.551454,-0.237688,0.231318,1016.546753
476038,-0.501542,-0.131459,0.024262,0.785006939,0.107211122,-0.06845449,-0.554904,-0.242993,0.228539,1016.546753
476138,-0.438143,-0.087327,0.020394,0.837200918,0.109585,-0.044877041,-0.557873,-0.247358,0.22681,1016.546753
476238,-0.368688,-0.04615,0.010841,0.892478367,0.097055918,-0.028934082,-0.560265,-0.254503,0.220431,1016.548523
476338,-0.31203,-0.012416,-0.005196,0.940103878,0.079563265,-0.015981939,-0.565232,-0.256866,0.219302,1016.548523
476438,-0.277479,0.021805,-0.017673,0.985019898,0.064598878,0.001368367,-0.569704,-0.261231,0.218073,1016.548523
476538,-0.251881,0.06253,-0.033451,1.015541531,0.050630918,0.012101327,-0.571613,-0.260983,0.213574,1016.548523
476638,-0.228744,0.092505,-0.046462,1.030897143,0.045607347,0.002267041,-0.578007,-0.267116,0.208244,1016.548523
476738,-0.207186,0.09882,-0.057193,1.03334449,0.053871122,-0.008588571,-0.577532,-0.270162,0.209091,1016.548523
476838,-0.193564,0.077567,-0.056717,1.020796837,0.067774388,-0.012594592,-0.583432,-0.27284,0.204438,1016.548523
476938,-0.194727,0.041654,-0.049434,1.004462653,0.080902653,-0.003685612,-0.585879,-0.274673,0.201837,1016.548523
477038,-0.201591,0.011034,-0.035865,0.989023571,0.081695408,0.009571327,-0.590881,-0.275638,0.202784,1016.548523
477138,-0.21098,-0.013492,-0.01903,0.962954898,0.079644286,0.020282755,-0.593363,-0.276073,0.202258,1016.548523
477238,-0.214392,-0.033724,0.001601,0.937408163,0.072206837,0.038822347,-0.595312,-0.277914,0.199657,1016.548523
477338,-0.214113,-0.042972,0.024989,0.920772959,0.067993265,0.063873469,-0.598827,-0.27793,0.201155,1016.548523
477438,-0.216711,-0.038817,0.043275,0.916179184,0.064372653,0.080551224,-0.600757,-0.274267,0.198334,1016.548523
477538,-0.219486,-0.010289,0.057277,0.913024082,0.060807449,0.088376633,-0.606751,-0.278182,0.198629,1016.548523
477638,-0.212903,0.02752,0.063554,0.910935612,0.060666531,0.095026633,-0.606179,-0.277997,0.19463,1016.548523
477738,-0.219363,0.071553,0.069716,0.916479796,0.068069388,0.090782347,-0.608681,-0.279476,0.195053,1016.548523
477838,-0.23193,0.097219,0.073331,0.910056939,0.067000714,0.082708571,-0.610098,-0.277765,0.19113,1016.548523
477938,-0.224173,0.09634,0.078314,0.91787449,0.066833163,0.092652245,-0.616033,-0.274585,0.189282,1016.548523
478038,-0.217327,0.102435,0.086658,0.93142449,0.066676531,0.094464898,-0.617026,-0.277534,0.188629,1016.548523
478138,-0.214865,0.094848,0.088745,0.927953061,0.069212347,0.086012755,-0.619475,-0.275405,0.186731,1016.548523
478238,-0.210356,0.066871,0.093546,0.921095204,0.073186122,0.080268265,-0.619475,-0.275405,0.186731,1016.548523
478338,-0.211964,0.021706,0.094908,0.904716735,0.077002551,0.082845714,-0.623442,-0.275294,0.18573,1016.548523
478438,-0.211853,-0.028552,0.098741,0.896015102,0.077051531,0.088482755,-0.625434,-0.275262,0.18573,1016.548523
478538,-0.208239,-0.067278,0.10286,0.890736224,0.076841633,0.101132347,-0.625904,-0.274684,0.184255,1016.548523
478638,-0.199573,-0.082817,0.105672,0.894462857,0.073519286,0.120551837,-0.628864,-0.274066,0.18278,1016.548523
478738,-0.187961,-0.070532,0.109482,0.90896,0.06947,0.134844592,-0.629379,-0.273608,0.183805,1016.548523
478838,-0.172111,-0.033571,0.112054,0.924225408,0.065958673,0.148035918,-0.63283,-0.273955,0.181779,1016.548523
478938,-0.14784,0.010016,0.115324,0.925780102,0.064873469,0.141950612,-0.631333,-0.272982,0.181831,1016.548523
479038,-0.11475,0.034443,0.117162,0.917564388,0.064687041,0.135829388,-0.633295,-0.271384,0.180407,1016.548523
479138,-0.081704,0.035118,0.118594,0.909582245,0.065004286,0.140555408,-0.636281,-0.269841,0.180482,1016.548523
479238,-0.048656,0.028238,0.120182,0.917368061,0.064115306,0.156199286,-0.635251,-0.271255,0.178407,1016.548523
479338,-0.027651,0.029782,0.126161,0.92875551,0.066520918,0.164017755,-0.634232,-0.268732,0.177535,1016.548523
479438,-0.020634,0.023168,0.130478,0.940366224,0.070397449,0.166424184,-0.636753,-0.270259,0.178957,1016.548523
479538,-0.026212,0.024481,0.13721,0.937381735,0.07569051,0.161796837,-0.635233,-0.266747,0.178136,1016.544495
479638,-0.034508,0.041311,0.142947,0.928465102,0.077087245,0.153887245,-0.637187,-0.265623,0.176187,1016.544495
479738,-0.042599,0.062758,0.149481,0.924479082,0.07018,0.146891837,-0.639185,-0.268581,0.176034,1016.544495
479838,-0.052754,0.095089,0.156669,0.932865204,0.058662653,0.136971429,-0.638713,-0.267664,0.177584,1016.544495
479938,-0.065739,0.120804,0.162614,0.936062245,0.05372949,0.149130204,-0.640183,-0.264603,0.176737,1016.544495
480038,-0.086844,0.134355,0.163882,0.939715714,0.058099592,0.166361327,-0.64166,-0.265029,0.175711,1016.544495
480138,-0.121853,0.140412,0.163766,0.943858061,0.066265102,0.185463163,-0.641593,-0.263864,0.172263,1016.544495
480238,-0.162865,0.145451,0.166726,0.959621327,0.071382857,0.206078163,-0.64206,-0.26229,0.17084,1016.544495
480338,-0.196446,0.167192,0.166076,0.97776,0.078122857,0.222246429,-0.642532,-0.263206,0.169289,1016.544495
480438,-0.217431,0.213795,0.161531,0.994857755,0.091348469,0.233315816,-0.648952,-0.262959,0.166289,1016.544495
480538,-0.229526,0.271123,0.154092,1.009649694,0.101351122,0.237195,-0.648934,-0.262911,0.165289,1016.544495
480638,-0.230363,0.31749,0.143219,1.023549184,0.102010204,0.238705918,-0.646868,-0.263746,0.161241,1016.544495
480738,-0.218761,0.345037,0.129546,1.041687551,0.089472653,0.246116327,-0.648266,-0.261488,0.156344,1016.544495
480838,-0.189409,0.359506,0.117326,1.067991837,0.065939898,0.26493398,-0.65123,-0.263362,0.154742,1016.544495
480938,-0.136517,0.368303,0.11073,1.088717959,0.031086837,0.282595306,-0.652673,-0.260228,0.152395,1016.544495
481038,-0.074387,0.376591,0.11747,1.111815816,-0.010520306,0.30734898,-0.652158,-0.261683,0.151319,1016.544495
481138,-0.006463,0.407275,0.135786,1.149531122,-0.049709592,0.323760714,-0.652092,-0.261016,0.147846,1016.546204
481238,0.055707,0.47271,0.169359,1.205247857,-0.096747245,0.307936327,-0.653538,-0.259875,0.145397,1016.546204
481338,0.109773,0.532876,0.204863,1.24228051,-0.10353449,0.265018163,-0.652966,-0.254732,0.142153,1016.546204
481438,0.139752,0.566833,0.232585,1.269250816,-0.06182,0.229881633,-0.65791,-0.254059,0.140177,1016.546204
481538,0.144465,0.573841,0.233723,1.303739286,0.008042041,0.211470306,-0.656322,-0.248883,0.135934,1016.546204
481638,0.132459,0.548433,0.209272,1.350158163,0.069854898,0.174550714,-0.6563,-0.246842,0.135036,1016.546204
481738,0.107883,0.468715,0.183615,1.40117551,0.112596633,0.129438776,-0.66122,-0.243629,0.132187,1016.546204
481838,0.043723,0.368897,0.146506,1.417120102,0.130340714,0.079023367,-0.660205,-0.23814,0.131967,1016.546204
481938,-0.027731,0.261032,0.116195,1.371064184,0.109339592,0.017616939,-0.662629,-0.237434,0.128494,1016.546204
482038,-0.086065,0.159795,0.100965,1.292229898,0.065757143,-0.023711531,-0.659613,-0.231953,0.127774,1016.546204
482138,-0.129843,0.073024,0.091934,1.189470714,0.013149898,-0.055593878,-0.65861,-0.228481,0.127952,1016.546204
482238,-0.136694,-0.036287,0.095779,1.086826633,-0.027488776,-0.086983673,-0.65808,-0.225926,0.12658,1016.546204
482338,-0.135857,-0.178039,0.097705,0.989642755,-0.057976224,-0.116402449,-0.657101,-0.220035,0.128385,1016.546204
482438,-0.090479,-0.290276,0.097269,0.930604082,-0.098963776,-0.088713878,-0.654636,-0.21915,0.129936,1016.546204
482538,-0.005211,-0.332558,0.111262,0.872102653,-0.145147755,-0.063861429,-0.654589,-0.213573,0.128216,1016.546204
482638,0.120435,-0.354792,0.111127,0.786013367,-0.193482959,-0.043391327,-0.652658,-0.211282,0.131842,1016.546204
482738,0.309504,-0.365199,0.109482,0.717065714,-0.237859388,-0.018721735,-0.652191,-0.207899,0.134019,1016.547974
482838,0.518131,-0.336475,0.105396,0.690761939,-0.263358367,0.010576735,-0.653729,-0.206501,0.136594,1016.547974
482938,0.684603,-0.252431,0.099383,0.713292347,-0.256118469,0.03805102,-0.656202,-0.201953,0.136322,1016.547974
483038,0.775056,-0.125308,0.085407,0.762827041,-0.210619592,0.074103163,-0.6553,-0.197252,0.142074,1016.547974
483138,0.777423,-0.002757,0.070539,0.831707959,-0.169195102,0.08996449,-0.65726,-0.194657,0.140701,1016.547974
483238,0.690709,0.089768,0.060779,0.897235102,-0.134914286,0.087336224,-0.657228,-0.192592,0.139303,1016.547974
483338,0.591829,0.108088,0.058352,0.94948398,-0.08319051,0.083422449,-0.663707,-0.189025,0.139979,1016.547974
483438,0.492482,0.087077,0.05716,1.008581837,-0.006130612,0.077150612,-0.661744,-0.190126,0.141428,1016.547974
483538,0.404919,0.042521,0.04524,1.07536898,0.064698673,0.047953878,-0.667699,-0.18799,0.140529,1016.547974
483638,0.32849,-0.011238,0.029814,1.126547041,0.098970408,0.004659694,-0.66672,-0.187057,0.141579,1016.547974
483738,0.267924,-0.04546,0.010524,1.149637755,0.084957959,-0.020916327,-0.670196,-0.185981,0.141129,1016.547974
483838,0.218632,-0.046294,-0.012732,1.11731602,0.038866429,-0.017435,-0.666715,-0.184068,0.141732,1016.547974
483938,0.186084,-0.054064,-0.037393,1.060731531,-0.007381837,0.010228878,-0.667718,-0.182581,0.142308,1016.547974
484038,0.184228,-0.079703,-0.057764,1.010335204,-0.046030306,0.047146735,-0.669681,-0.181979,0.140833,1016.547974
484138,0.204577,-0.116986,-0.0565,0.971007143,-0.074209796,0.083305,-0.667192,-0.182517,0.140808,1016.547974
484238,0.237752,-0.148041,-0.037139,0.923361837,-0.093154388,0.102866531,-0.667702,-0.17907,0.141985,1016.547974
484338,0.231111,-0.179286,-0.035502,0.892984796,-0.08511398,0.122619592,-0.6677,-0.177575,0.142061,1016.547974
484438,0.275844,-0.209447,-0.010891,0.870655816,-0.088137449,0.117799592,-0.663722,-0.176666,0.142614,1016.547974
484538,0.313552,-0.255904,-0.001047,0.826111633,-0.077961837,0.125300918,-0.666269,-0.176771,0.145612,1016.547974
484638,0.31951,-0.293638,0.01213,0.833571429,-0.070612755,0.126370918,-0.665279,-0.175316,0.146188,1016.547974
484738,0.314182,-0.318104,0.026902,0.844957449,-0.060927551,0.124505714,-0.66335,-0.17452,0.149738,1016.547974
484838,0.313625,-0.333625,0.041734,0.858545204,-0.050865408,0.126438367,-0.662831,-0.173483,0.148789,1016.547974
484938,0.282466,-0.346796,0.047088,0.878575612,-0.040204796,0.133648776,-0.661897,-0.171675,0.15239,1016.547974
485038,0.256382,-0.342616,0.049846,0.89376949,-0.038334694,0.14395,-0.661952,-0.171321,0.155414,1016.547974
485138,0.233771,-0.333657,0.050238,0.908832245,-0.039585714,0.153428776,-0.661427,-0.172253,0.153864,1016.547974
485238,0.210771,-0.330903,0.048566,0.910078061,-0.051993367,0.151668776,-0.658976,-0.173386,0.155813,1016.547974
485338,0.171214,-0.325196,0.040738,0.907210918,-0.061874898,0.161078571,-0.658974,-0.172389,0.155864,1016.547974
485438,0.124868,-0.30688,0.033678,0.908114286,-0.068812245,0.17501449,-0.658538,-0.171071,0.159439,1016.547974
485538,0.088546,-0.262647,0.02116,0.901755306,-0.074364796,0.184197449,-0.657551,-0.170613,0.159964,1016.547974
485638,0.054657,-0.198983,0.007368,0.901147857,-0.074947041,0.190909286,-0.656069,-0.172653,0.160363,1016.547974
485738,0.008184,-0.14457,-0.009382,0.903491837,-0.075546735,0.189515612,-0.654074,-0.17119,0.16044,1016.547974
485838,-0.033086,-0.106763,-0.024226,0.911096122,-0.067148878,0.192093061,-0.655565,-0.17463,0.159762,1016.547974
485938,-0.091656,-0.079281,-0.040909,0.93392051,-0.052817857,0.195502959,-0.653065,-0.174645,0.159263,1016.547974
486038,-0.144881,-0.05464,-0.052612,0.963490408,-0.049114082,0.182318265,-0.654119,-0.175771,0.162211,1016.545593
486138,-0.168293,-0.031073,-0.054519,0.983445408,-0.060865918,0.149806224,-0.652591,-0.177193,0.160136,1016.545593
486238,-0.15589,0.002675,-0.058546,1.000979898,-0.074443673,0.118309388,-0.652528,-0.178519,0.156561,1016.545593
486338,-0.110677,0.049951,-0.072341,1.009332347,-0.083557551,0.096761633,-0.64997,-0.182351,0.15236,1016.545593
486438,-0.054631,0.090999,-0.094442,1.010216122,-0.092446531,0.073613571,-0.650552,-0.18256,0.156858,1016.545593
486538,0.000602,0.090607,-0.117915,1.014083163,-0.108935918,0.042872653,-0.64998,-0.182874,0.152834,1016.545593
486638,0.03181,0.031904,-0.130606,1.029298878,-0.121455102,0.00961449,-0.646965,-0.183845,0.151285,1016.545593
486738,0.06042,-0.060763,-0.138646,1.046285408,-0.12844949,0.002040204,-0.644525,-0.185998,0.153683,1016.545593
486838,0.109551,-0.12199,-0.14193,1.074349388,-0.132743571,0.035024796,-0.645572,-0.183636,0.156809,1016.545593
486938,0.173471,-0.090448,-0.143426,1.111443265,-0.133748061,0.110158673,-0.642609,-0.187717,0.157606,1016.545593
487038,0.223406,0.01282,-0.139953,1.138532755,-0.127156633,0.198004082,-0.642025,-0.186512,0.153159,1016.545593
487138,0.232576,0.134289,-0.14418,1.157935,-0.103111531,0.280893571,-0.646077,-0.187614,0.156605,1016.545593
487238,0.19462,0.258792,-0.148846,1.175448061,-0.060211531,0.33265102,-0.644546,-0.187541,0.154607,1016.545593
487338,0.128948,0.394672,-0.152601,1.198747755,-0.012150408,0.351871531,-0.648018,-0.189929,0.153479,1016.545593
487438,0.055242,0.522582,-0.156156,1.202843673,0.043153571,0.309905612,-0.646491,-0.186891,0.152132,1016.545593
487538,-0.019037,0.595711,-0.168142,1.180193673,0.078785612,0.227431429,-0.647427,-0.189696,0.148481,1016.545593
487638,-0.050363,0.599353,-0.174125,1.154055816,0.064645714,0.147369694,-0.649834,-0.189439,0.143982,1016.543884
487738,-0.037613,0.551952,-0.167506,1.177040306,0.033704388,0.097688367,-0.649819,-0.191384,0.142881,1016.543884
487838,-0.041644,0.490382,-0.154348,1.230116735,-0.003391429,0.057694286,-0.65326,-0.191706,0.140355,1016.543884
487938,-0.071508,0.416224,-0.136336,1.250075714,-0.052919796,0.010362041,-0.648774,-0.190283,0.140433,1016.543884
488038,-0.104693,0.307987,-0.113102,1.215213163,-0.10109602,-0.063223469,-0.652706,-0.19157,0.137357,1016.543884
488138,-0.137464,0.169508,-0.093344,1.153110408,-0.10093898,-0.100888061,-0.651206,-0.188604,0.137509,1016.543884
488238,-0.15344,0.051458,-0.079365,1.105128878,-0.072139694,-0.071436735,-0.653689,-0.189537,0.136958,1016.543884
488338,-0.168511,-0.003618,-0.067031,1.062454796,-0.041168469,-0.050376224,-0.651189,-0.189054,0.136484,1016.543884
488438,-0.165648,-0.022166,-0.057573,0.988987143,-0.011470408,-0.057039286,-0.652711,-0.189103,0.137983,1016.543884
488538,-0.151075,-0.064172,-0.062749,0.892079796,0.030992245,-0.041491122,-0.653212,-0.19059,0.137907,1016.543884
488638,-0.143657,-0.115096,-0.07326,0.804426939,0.079753061,-0.009525306,-0.65522,-0.189112,0.138982,1016.543884
488738,-0.166179,-0.14697,-0.081724,0.754919898,0.12219449,0.034873265,-0.654249,-0.187705,0.140558,1016.543884
488838,-0.235056,-0.123757,-0.079481,0.736232959,0.162042653,0.074302551,-0.654212,-0.187609,0.138559,1016.543884
488938,-0.35482,-0.044647,-0.074313,0.749257245,0.184322653,0.083922959,-0.653693,-0.19153,0.136856,1016.543884
489038,-0.474168,0.056768,-0.064038,0.778046735,0.187063061,0.070395,-0.656169,-0.193933,0.135729,1016.543884
489138,-0.543109,0.138191,-0.045155,0.831738571,0.165894184,0.048374898,-0.656159,-0.198369,0.134501,1016.543884
489238,-0.546373,0.177899,-0.025789,0.900421939,0.129173469,0.027070204,-0.658077,-0.198643,0.130476,1016.545593
489338,-0.498541,0.158184,-0.012536,0.974876837,0.086336531,0.009616735,-0.65704,-0.201528,0.127825,1016.545593
489438,-0.420353,0.084112,-0.00615,1.048041939,0.031692959,0.002218878,-0.657986,-0.204357,0.124674,1016.545593
489538,-0.331124,-0.023891,0.000585,1.120335204,-0.027869184,0.002168367,-0.658488,-0.206841,0.124546,1016.545593
489638,-0.250195,-0.131483,0.007722,1.18871102,-0.061911327,-0.001007857,-0.658975,-0.205812,0.124098,1016.545593
489738,-0.189073,-0.201066,0.008145,1.229709796,-0.061645204,-0.001703878,-0.658012,-0.208889,0.125445,1016.545593
489838,-0.144752,-0.227834,-0.003207,1.225514184,-0.043285102,0.011908265,-0.659996,-0.208834,0.124944,1016.545593
489938,-0.110185,-0.227118,-0.01348,1.168655612,-0.035583061,0.037809898,-0.660014,-0.208882,0.125944,1016.545593
490038,-0.078903,-0.239228,-0.016008,1.094103776,-0.039313469,0.074523367,-0.659544,-0.208962,0.127443,1016.545593
490138,-0.051141,-0.265468,-0.010296,1.024225204,-0.033382245,0.105243469,-0.659554,-0.209484,0.127918,1016.545593
490238,-0.044041,-0.292865,0.010158,0.957966633,-0.015461735,0.136351939,-0.656078,-0.210062,0.128393,1016.545593
490338,-0.088056,-0.304415,0.029028,0.895609694,0.017576633,0.15723398,-0.660576,-0.208046,0.129493,1016.545593
490438,-0.163383,-0.275006,0.044282,0.867530204,0.050744388,0.161589694,-0.658609,-0.207154,0.131044,1016.545593
490538,-0.242192,-0.199144,0.052837,0.853155102,0.068893776,0.15195,-0.660122,-0.207178,0.132043,1016.545593
490638,-0.300154,-0.127638,0.05676,0.845903265,0.069145204,0.13025551,-0.659118,-0.207668,0.131518,1016.545593
490738,-0.342503,-0.078397,0.060703,0.843063061,0.061174694,0.109912653,-0.659596,-0.207114,0.130544,1016.545593
490838,-0.345823,-0.084124,0.05622,0.844981327,0.045513367,0.095831429,-0.65909,-0.207596,0.130019,1016.545593
490938,-0.325408,-0.130047,0.048247,0.863560102,0.033999898,0.081526633,-0.660111,-0.211116,0.13084,1016.545593
491038,-0.298876,-0.176474,0.035279,0.888894388,0.026171939,0.067982245,-0.657075,-0.211043,0.128342,1016.545593
491138,-0.26095,-0.221785,0.025903,0.89603551,0.024898265,0.056845204,-0.659106,-0.211606,0.130315,1016.545593
491238,-0.223538,-0.26855,0.015336,0.880119184,0.033769184,0.053021531,-0.659095,-0.210585,0.129867,1016.545593
491338,-0.183162,-0.303803,-0.000113,0.85472051,0.050696224,0.061383571,-0.659088,-0.212056,0.12929,1016.545593
491438,-0.152255,-0.309977,-0.021771,0.851260306,0.064004286,0.075550714,-0.658093,-0.21257,0.129265,1016.545593
491538,-0.121309,-0.271878,-0.034335,0.862602857,0.071458878,0.095679694,-0.65717,-0.21228,0.133289,1016.545593
491638,-0.084659,-0.199518,-0.040172,0.882878878,0.066646735,0.104610612,-0.654685,-0.215309,0.133138,1016.545593
491738,-0.038562,-0.129467,-0.038955,0.903033163,0.051904898,0.109575408,-0.65516,-0.212762,0.132265,1016.545593
491838,-0.0077,-0.085415,-0.029734,0.926955102,0.037781224,0.10981398,-0.65222,-0.218884,0.13396,1016.545593
491938,0.007707,-0.070273,-0.019725,0.951223571,0.029192041,0.114558061,-0.652686,-0.216811,0.132562,1016.545593
492038,0.014807,-0.061955,-0.009537,0.967108061,0.028078673,0.116552041,-0.649185,-0.213853,0.132216,1016.545593
492138,0.014879,-0.049932,-0.001121,0.962881735,0.037672653,0.116349592,-0.650728,-0.215444,0.134639,1016.545593
492238,-0.002496,-0.045444,0.003466,0.94743949,0.047033469,0.105932653,-0.651163,-0.216264,0.131089,1016.545593
492338,-0.032595,-0.036218,0.012472,0.940502755,0.057702551,0.100336224,-0.649246,-0.217485,0.135037,1016.547302
492438,-0.056698,-0.035539,0.025686,0.940038776,0.066709694,0.085005612,-0.644715,-0.216439,0.13259,1016.547302
492538,-0.068866,-0.037346,0.039725,0.942946837,0.081366122,0.076872755,-0.647194,-0.214881,0.132166,1016.547302
492638,-0.092412,-0.032068,0.049371,0.952910102,0.100056939,0.078884898,-0.645715,-0.218416,0.132488,1016.547302
492738,-0.130841,-0.01784,0.058074,0.967389286,0.119358673,0.086031224,-0.643667,-0.218802,0.129465,1016.547302
492838,-0.191926,0.000833,0.064187,0.986212449,0.131930306,0.091413673,-0.644655,-0.218762,0.128964,1016.547302
492938,-0.256103,0.002402,0.069238,0.99948949,0.127245306,0.087739388,-0.64017,-0.218335,0.128991,1016.547302
493038,-0.314713,-0.001725,0.069596,1.007795408,0.106394286,0.080252041,-0.64114,-0.218745,0.127466,1016.547302
493138,-0.326032,0.014625,0.079868,1.020168367,0.06514398,0.080585612,-0.638584,-0.218616,0.123968,1016.547302
493238,-0.31407,0.063926,0.096288,1.049492347,0.020371735,0.098526633,-0.637579,-0.219106,0.123444,1016.547302
493338,-0.287485,0.147301,0.123851,1.086962653,-0.028328776,0.128042143,-0.634527,-0.219981,0.119895,1016.547302
493438,-0.254283,0.247455,0.158685,1.147854796,-0.073627245,0.164915714,-0.63647,-0.217836,0.117497,1016.547302
493538,-0.221689,0.322484,0.205041,1.217778878,-0.114918265,0.183727347,-0.634967,-0.218334,0.116972,1016.547302
493638,-0.199522,0.355856,0.255843,1.270134592,-0.133015204,0.193579184,-0.634379,-0.214638,0.112652,1016.547302
493738,-0.202955,0.408086,0.286948,1.298088367,-0.120190612,0.221218367,-0.632832,-0.211552,0.110306,1016.547302
493838,-0.209796,0.516188,0.307709,1.326948571,-0.095529592,0.231028163,-0.632251,-0.206385,0.106561,1016.547302
493938,-0.202224,0.622975,0.32901,1.380054388,-0.084566735,0.186853469,-0.633605,-0.206,0.099064,1016.547302
494038,-0.186281,0.666479,0.344,1.415563367,-0.060212857,0.086814592,-0.63011,-0.201072,0.099319,1016.549011
494138,-0.121964,0.579341,0.336265,1.390158469,-0.02909449,-0.043764388,-0.635548,-0.198896,0.09742,1016.549011
494238,-0.022335,0.408769,0.308344,1.304416429,-0.006413469,-0.151362449,-0.633973,-0.194742,0.093625,1016.549011
494338,0.062488,0.212879,0.261397,1.185762755,-0.006908673,-0.182432857,-0.631949,-0.18775,0.092982,1016.549011
494438,0.107566,0.02775,0.213162,1.093163367,-0.024855102,-0.120009898,-0.633002,-0.18292,0.096734,1016.549011
494538,0.104459,-0.098174,0.181858,1.022593367,-0.050216735,-0.04547398,-0.629455,-0.180838,0.093838,1016.549011
494638,0.071356,-0.169984,0.170807,0.958722245,-0.076802959,-0.010028878,-0.63149,-0.178436,0.096463,1016.549011
494738,0.061417,-0.219465,0.157389,0.887795918,-0.103603776,0.008965204,-0.629529,-0.170118,0.099395,1016.549011
494838,0.102962,-0.240028,0.144458,0.811164388,-0.117341429,0.035277653,-0.629038,-0.168655,0.099971,1016.549011
494938,0.194983,-0.208921,0.127484,0.758427653,-0.113616837,0.085462143,-0.632043,-0.16766,0.101021,1016.549011
495038,0.294739,-0.089458,0.100662,0.74100102,-0.103308571,0.12890602,-0.629063,-0.162275,0.102301,1016.549011
495138,0.371813,0.089418,0.069048,0.744197449,-0.092010816,0.140114286,-0.628593,-0.162355,0.1038,1016.549011
495238,0.413043,0.251899,0.043407,0.776427551,-0.086480102,0.1125,-0.629078,-0.16033,0.103402,1016.549011
495338,0.430058,0.343139,0.027817,0.817059592,-0.074120816,0.081337449,-0.628997,-0.161608,0.098827,1016.549011
495438,0.423707,0.34469,0.003678,0.849151837,-0.051624388,0.058889082,-0.628532,-0.159221,0.100954,1016.549011
495538,0.391627,0.289836,-0.021524,0.894155204,-0.025008367,0.064186633,-0.630957,-0.158515,0.09748,1016.549011
495638,0.347146,0.228977,-0.055598,0.951169796,-0.017338367,0.071906837,-0.628458,-0.159028,0.096955,1016.550781
495738,0.297359,0.170261,-0.076297,1.018402245,-0.021654898,0.055766939,-0.630422,-0.158924,0.095455,1016.550781
495838,0.251325,0.12539,-0.075276,1.085901327,-0.038388061,0.027367245,-0.632376,-0.158298,0.093481,1016.550781
495938,0.211327,0.096116,-0.066421,1.117864388,-0.061411531,0.015235306,-0.628951,-0.156031,0.097107,1016.550781
496038,0.1743,0.087354,-0.061442,1.110259388,-0.096278367,0.027894694,-0.627405,-0.153443,0.094736,1016.550781
496138,0.159203,0.071334,-0.052584,1.093401633,-0.127919592,0.040175306,-0.625358,-0.153829,0.091712,1016.550781
496238,0.197533,0.062061,-0.023517,1.01976898,-0.151716939,0.085848878,-0.628377,-0.15039,0.093889,1016.550781
496338,0.19377,0.025759,-0.008171,0.984934082,-0.146300204,0.125662857,-0.62687,-0.148396,0.093491,1016.550781
496438,0.196279,0.001738,0.005262,0.953668878,-0.138575612,0.138804796,-0.62587,-0.146419,0.093593,1016.550781
496538,0.23319,-0.02798,0.0186,0.922498061,-0.136248367,0.147075102,-0.626372,-0.142948,0.09427,1016.550781
496638,0.272205,-0.05324,0.036099,0.894322551,-0.131477449,0.145836633,-0.625938,-0.142626,0.097794,1016.550781
496738,0.310175,-0.078834,0.041077,0.863516939,-0.115273061,0.14829602,-0.626885,-0.140995,0.095371,1016.550781
496838,0.341501,-0.106789,0.041969,0.853257551,-0.092489592,0.1569,-0.622414,-0.137627,0.09655,1016.550781
496938,0.337372,-0.128058,0.031126,0.854796837,-0.065177551,0.165546531,-0.625473,-0.135281,0.100675,1016.550781
497038,0.322597,-0.150145,0.021439,0.859145204,-0.044098469,0.168223673,-0.62398,-0.135803,0.10065,1016.550781
497138,0.322058,-0.165609,0.014127,0.866429184,-0.037119796,0.174216633,-0.623955,-0.132267,0.099828,1016.550781
497238,0.286816,-0.181149,0.001431,0.874238163,-0.027876531,0.16940449,-0.622531,-0.130491,0.103928,1016.550781
497338,0.24795,-0.184469,-0.011531,0.882877653,-0.029061429,0.166064592,-0.622528,-0.128498,0.10403,1016.550781
497438,0.216562,-0.189954,-0.016786,0.895223469,-0.044196224,0.175511429,-0.622054,-0.132042,0.104852,1016.550781
497538,0.193702,-0.200988,-0.015671,0.899210204,-0.062715306,0.18328949,-0.619597,-0.129686,0.106979,1016.550781
497638,0.174596,-0.217142,-0.013459,0.910902041,-0.082761939,0.18599398,-0.621617,-0.129727,0.108478,1016.550781
497738,0.163098,-0.22547,-0.006711,0.91283398,-0.098173571,0.187215204,-0.617657,-0.12787,0.11008,1016.550781
497838,0.150769,-0.233993,-0.004172,0.905250408,-0.100864898,0.184208776,-0.619657,-0.126866,0.11063,1016.550781
497938,0.132903,-0.243481,-0.007778,0.889077857,-0.092614898,0.184053061,-0.615718,-0.127049,0.11313,1016.550781
498038,0.118933,-0.247357,-0.015146,0.878166429,-0.087120306,0.190900816,-0.61473,-0.126591,0.113656,1016.550781
498138,0.103342,-0.24715,-0.021411,0.876609184,-0.080361939,0.198572041,-0.615256,-0.126655,0.115155,1016.550781
498238,0.085749,-0.244633,-0.029427,0.883774694,-0.075891327,0.199674082,-0.61432,-0.128808,0.118052,1016.550781
498338,0.07623,-0.252067,-0.034864,0.886849082,-0.075384592,0.200285,-0.609826,-0.127859,0.117605,1016.550781
498438,0.071295,-0.259826,-0.04543,0.893490918,-0.086017857,0.198315816,-0.61086,-0.128438,0.119578,1016.550781
498538,0.068072,-0.271217,-0.050405,0.905366224,-0.107413367,0.189311633,-0.609852,-0.126935,0.119155,1016.550781
498638,0.066343,-0.271988,-0.05221,0.919705204,-0.121792653,0.174812857,-0.606488,-0.128299,0.125603,1016.550781
498738,0.071673,-0.264977,-0.05556,0.929788163,-0.130126122,0.164275714,-0.608014,-0.130341,0.127,1016.550781
498838,0.072138,-0.236776,-0.059336,0.942676939,-0.128537857,0.160429388,-0.604543,-0.12895,0.128077,1016.548523
498938,0.077718,-0.196396,-0.068131,0.950589898,-0.122393061,0.151145714,-0.604564,-0.130493,0.129,1016.548523
499038,0.084052,-0.16775,-0.078068,0.948172857,-0.115382245,0.128149694,-0.604612,-0.13161,0.131449,1016.548523
499138,0.102524,-0.172989,-0.092577,0.941073673,-0.118886429,0.111818469,-0.605103,-0.132574,0.130898,1016.548523
499238,0.141086,-0.196092,-0.107446,0.954215918,-0.130109082,0.098774796,-0.60168,-0.1323,0.134423,1016.548523
499338,0.207257,-0.186526,-0.128639,0.98797102,-0.145299388,0.096829388,-0.603687,-0.129825,0.135549,1016.548523
499438,0.29927,-0.113389,-0.160173,1.05791102,-0.146528061,0.130402347,-0.602741,-0.131954,0.137947,1016.548523
499538,0.33957,0.046072,-0.210087,1.138380918,-0.109458469,0.217722755,-0.603244,-0.134936,0.137794,1016.548523
499638,0.262247,0.220991,-0.284332,1.210123776,-0.043865204,0.331292653,-0.599739,-0.134943,0.136796,1016.548523
499738,0.084465,0.350331,-0.358351,1.285136939,0.030156939,0.427208367,-0.600782,-0.135546,0.139269,1016.548523
499838,-0.11097,0.440369,-0.412741,1.372625816,0.113890714,0.487667959,-0.601738,-0.138897,0.136592,1016.548523
499938,-0.240429,0.521687,-0.452922,1.394857245,0.21043602,0.478115306,-0.606179,-0.140699,0.13399,1016.548523
500038,-0.270814,0.586146,-0.495117,1.392777755,0.258223061,0.378873469,-0.603668,-0.145648,0.132237,1016.548523
500138,-0.222013,0.623034,-0.549491,1.346566735,0.223784184,0.247516122,-0.601653,-0.14314,0.131365,1016.548523
500238,-0.142913,0.598033,-0.591177,1.302887041,0.125203061,0.150635714,-0.599133,-0.147568,0.129138,1016.548523
500338,-0.086661,0.511473,-0.599098,1.310356122,0.03304551,0.098213469,-0.598135,-0.146587,0.129189,1016.548523
500438,-0.07638,0.384741,-0.555652,1.343700306,-0.080896429,0.045934082,-0.597134,-0.14907,0.128563,1016.548523
500538,-0.067994,0.229572,-0.462603,1.360415102,-0.188481327,-0.025512959,-0.597165,-0.150637,0.129986,1016.548523
500638,-0.053578,0.041854,-0.361143,1.325125,-0.228645306,-0.105566224,-0.596174,-0.148684,0.130588,1016.548523
500738,-0.071487,-0.14609,-0.284261,1.269341939,-0.201655816,-0.142057041,-0.594265,-0.148434,0.135112,1016.548523
500838,-0.077644,-0.241781,-0.235877,1.206699286,-0.141618061,-0.128399694,-0.592811,-0.145589,0.137764,1016.548523
500938,-0.037764,-0.259789,-0.222857,1.108817959,-0.082834286,-0.101248878,-0.593356,-0.145701,0.140263,1016.548523
501038,0.011871,-0.287913,-0.249293,0.99587602,-0.000224388,-0.06245,-0.593448,-0.144945,0.145311,1016.548523
501138,0.040107,-0.336308,-0.28927,0.919450408,0.080797653,-0.024848265,-0.591004,-0.145604,0.147786,1016.548523
501238,0.001029,-0.374284,-0.310498,0.821661531,0.154528061,0.035438061,-0.592533,-0.144181,0.149861,1016.548523
501338,-0.123289,-0.383525,-0.306074,0.761895918,0.199735306,0.085038878,-0.590102,-0.146359,0.152759,1016.548523
501438,-0.331808,-0.299969,-0.292903,0.733424082,0.221663776,0.121206735,-0.586652,-0.151469,0.154005,1016.548523
501538,-0.499465,-0.153738,-0.299911,0.710812245,0.239177245,0.113669286,-0.590706,-0.153567,0.157401,1016.548523
501638,-0.54572,0.115029,-0.232192,0.765437143,0.189505612,0.066709796,-0.587152,-0.157913,0.153175,1016.548523
501738,-0.518619,0.313121,-0.166733,0.781916939,0.142260102,-0.015487245,-0.590641,-0.163813,0.152369,1016.548523
501838,-0.425736,0.32881,-0.106513,0.790049082,0.097958163,-0.090085204,-0.590593,-0.16865,0.149117,1016.548523
501938,-0.302988,0.218142,-0.080262,0.836076837,0.075177857,-0.109466531,-0.589528,-0.171463,0.144966,1016.548523
502038,-0.174499,0.10173,-0.067406,0.933342347,0.038251122,-0.078473776,-0.590048,-0.173496,0.145864,1016.548523
502138,-0.039158,0.055734,-0.064946,1.034749898,-0.003907347,-0.031675102,-0.591548,-0.176462,0.145711,1016.548523
502238,0.079912,0.048011,-0.082811,1.115046327,-0.019094082,-0.013323571,-0.589577,-0.178036,0.146635,1016.548523
502338,0.150536,0.038689,-0.11561,1.166523367,-0.011759592,-0.021166837,-0.589557,-0.182448,0.144907,1016.548523
502438,0.186731,0.017139,-0.144574,1.166434388,0.01946551,-0.025873673,-0.592082,-0.185968,0.146228,1016.548523
502538,0.201447,-0.033993,-0.152557,1.104232041,0.050005714,-0.017805102,-0.595085,-0.183976,0.147328,1016.548523
502638,0.20354,-0.074384,-0.145854,1.039365816,0.073812755,0.029066224,-0.594584,-0.187448,0.146651,1016.548523
502738,0.159924,-0.095934,-0.11691,0.984719184,0.109034898,0.084958265,-0.596112,-0.185528,0.148751,1016.548523
502838,0.088741,-0.087258,-0.079003,0.932404796,0.12807551,0.13270602,-0.593636,-0.18858,0.149099,1016.548523
502938,-0.01141,-0.060064,-0.03109,0.894792143,0.141809898,0.153985816,-0.598602,-0.190446,0.147996,1016.548523
503038,-0.114297,-0.025005,0.015716,0.862938367,0.14735051,0.155054898,-0.597636,-0.19153,0.149445,1016.548523
503138,-0.194585,0.00382,0.051251,0.830105816,0.144480408,0.137260714,-0.598171,-0.191619,0.151444,1016.548523
503238,-0.235659,0.008429,0.078202,0.816616224,0.126586122,0.114867551,-0.59959,-0.190904,0.14747,1016.548523
503338,-0.241537,0.007669,0.103646,0.827211327,0.096683776,0.095766939,-0.60209,-0.190889,0.14797,1016.548523
503438,-0.225042,-0.00367,0.118719,0.841253265,0.066839184,0.076391837,-0.605121,-0.193927,0.149816,1016.548523
503538,-0.196137,-0.021319,0.127096,0.86381102,0.049725714,0.075717653,-0.607068,-0.194273,0.14729,1016.548523
503638,-0.169525,-0.036655,0.125826,0.887005408,0.048047551,0.086221939,-0.607545,-0.192723,0.146367,1016.548523
503738,-0.148116,-0.04964,0.123437,0.911092041,0.05347102,0.097761837,-0.607558,-0.19474,0.146765,1016.548523
503838,-0.128664,-0.056772,0.119343,0.927855102,0.074296735,0.106207551,-0.610074,-0.193776,0.148315,1016.548523
503938,-0.113531,-0.047528,0.1167,0.938486735,0.097143265,0.118802653,-0.609994,-0.195552,0.143715,1016.548523
504038,-0.102333,-0.033629,0.111719,0.93871602,0.115115,0.13014051,-0.610524,-0.192651,0.145866,1016.548523
504138,-0.09267,-0.009353,0.1066,0.938855408,0.121937347,0.144304694,-0.616522,-0.193601,0.146813,1016.548523
504238,-0.084075,0.021107,0.109602,0.94516051,0.12709949,0.155751224,-0.616031,-0.192138,0.147389,1016.548523
504338,-0.076325,0.061278,0.115932,0.948170612,0.132848673,0.169067551,-0.61599,-0.190049,0.145492,1016.548523
504438,-0.076281,0.093526,0.12325,0.930279082,0.130831429,0.168894388,-0.61501,-0.194075,0.145788,1016.548523
504538,-0.068906,0.079062,0.13169,0.919874082,0.118024286,0.16872551,-0.617464,-0.188981,0.144542,1016.548523
504638,-0.077583,0.051188,0.138315,0.914168673,0.104253776,0.175778673,-0.616479,-0.190017,0.144992,1016.548523
504738,-0.08581,0.015945,0.143086,0.909528367,0.090343673,0.184371939,-0.621911,-0.189312,0.142516,1016.548523
504838,-0.08437,-0.006218,0.151081,0.908529898,0.079841735,0.199687245,-0.621458,-0.188941,0.145041,1016.548523
504938,-0.081768,0.013771,0.160257,0.915362653,0.072266531,0.200604082,-0.621437,-0.187399,0.144118,1016.548523
505038,-0.071935,0.041745,0.174039,0.909656122,0.062997755,0.187192449,-0.62245,-0.186435,0.145168,1016.548523
505138,-0.050146,0.052344,0.184496,0.899723878,0.063613878,0.178712143,-0.624465,-0.183486,0.146819,1016.548523
505238,-0.03276,0.044946,0.189457,0.890135612,0.070561531,0.173431327,-0.624429,-0.183888,0.144794,1016.548523
505338,-0.012133,0.020013,0.195335,0.88913051,0.069890918,0.170151429,-0.623429,-0.181911,0.144896,1016.548523
505438,0.013169,0.002959,0.202101,0.897221837,0.064292551,0.169078163,-0.624962,-0.18298,0.146844,1016.548523
505538,0.053228,0.004973,0.21263,0.910344286,0.056122551,0.16917102,-0.625388,-0.178818,0.143549,1016.548523
505638,0.087996,0.023515,0.225079,0.92499551,0.053577449,0.171207959,-0.62542,-0.180883,0.144947,1016.548523
505738,0.103382,0.048503,0.231195,0.944614592,0.056942551,0.173594694,-0.627449,-0.175491,0.147724,1016.548523
505838,0.097767,0.06466,0.231473,0.954280918,0.06861102,0.185339796,-0.627466,-0.174542,0.148775,1016.548523
505938,0.085071,0.068617,0.222487,0.965218265,0.081686939,0.199507653,-0.629412,-0.174391,0.146275,1016.548523
506038,0.069772,0.071482,0.205783,0.975306429,0.095744082,0.220099184,-0.632436,-0.173443,0.148324,1016.548523
506138,0.065862,0.101588,0.189818,0.99493102,0.104766122,0.228415918,-0.632379,-0.1728,0.145351,1016.548523
506238,0.065981,0.161363,0.176603,1.013883878,0.108649796,0.239396429,-0.635872,-0.170776,0.145951,1016.548523
506338,0.074234,0.232104,0.17104,1.029286327,0.102303061,0.252767143,-0.633377,-0.173781,0.145299,1016.548523
506438,0.100635,0.288402,0.169681,1.043056327,0.090386633,0.281407755,-0.634361,-0.172246,0.144876,1016.548523
506538,0.148484,0.32817,0.179071,1.065719082,0.070373163,0.320279184,-0.636808,-0.173581,0.1423,1016.548523
506638,0.206769,0.36316,0.196493,1.079856939,0.049819898,0.367366327,-0.634277,-0.166573,0.141157,1016.548523
506738,0.263075,0.410952,0.223511,1.105931429,0.029475306,0.419719694,-0.640775,-0.168511,0.142053,1016.548523
506838,0.307057,0.513736,0.270491,1.160828571,-0.018969592,0.438862449,-0.638728,-0.163939,0.139783,1016.548523
506938,0.362983,0.623013,0.331812,1.232339388,-0.08248551,0.417230714,-0.640644,-0.162718,0.135835,1016.548523
507038,0.399664,0.70703,0.390435,1.273051837,-0.104429184,0.341310204,-0.644104,-0.15813,0.135063,1016.548523
507138,0.389593,0.770741,0.41961,1.299488878,-0.075559286,0.259837245,-0.649504,-0.154861,0.131215,1016.548523
507238,0.375865,0.806677,0.434247,1.352976429,-0.044201735,0.166697041,-0.650887,-0.14959,0.125971,1016.548523
507338,0.374723,0.701186,0.445573,1.426688469,-0.001815816,0.035359898,-0.653343,-0.145991,0.124649,1016.548523
507438,0.315027,0.459605,0.424322,1.510064184,0.076095408,-0.117037653,-0.655336,-0.140503,0.125427,1016.548523
507538,0.244028,0.195999,0.364274,1.503950816,0.139487041,-0.217527143,-0.65876,-0.136816,0.122605,1016.548523
507638,0.19281,-0.021799,0.278563,1.395079796,0.126058878,-0.21504449,-0.66023,-0.133256,0.121783,1016.548523
507738,0.132214,-0.190416,0.213459,1.285192653,0.065547755,-0.170213367,-0.662233,-0.128789,0.12301,1016.548523
507838,0.081064,-0.319978,0.190698,1.209375204,-0.009092449,-0.133951735,-0.662256,-0.12637,0.124637,1016.548523
507938,0.035037,-0.439918,0.203602,1.107591429,-0.062092449,-0.113008367,-0.661244,-0.122376,0.12434,1016.548523
508038,0.022812,-0.564348,0.224026,0.997195204,-0.099464898,-0.066441429,-0.659826,-0.11863,0.129042,1016.548523
508138,0.056458,-0.619672,0.233354,0.905170204,-0.124712959,-0.006932449,-0.658895,-0.113857,0.133295,1016.548523
508238,0.105876,-0.575393,0.235825,0.818627143,-0.168096837,0.025880612,-0.660897,-0.113849,0.133794,1016.548523
508338,0.168153,-0.46962,0.238507,0.730523367,-0.190075306,0.043793163,-0.659405,-0.109413,0.134523,1016.548523
508438,0.243696,-0.34045,0.23188,0.674446939,-0.19728051,0.057151327,-0.658938,-0.106528,0.136675,1016.548523
508538,0.334083,-0.183677,0.212719,0.672104286,-0.186675816,0.061037347,-0.659941,-0.105041,0.137251,1016.548523
508638,0.409203,-0.046799,0.198968,0.70067398,-0.161177551,0.057586224,-0.661957,-0.102591,0.138877,1016.548523
508738,0.456387,0.01804,0.190609,0.75302398,-0.118336224,0.053955102,-0.661927,-0.101024,0.137454,1016.548523
508838,0.467192,0.028515,0.179518,0.824977857,-0.061233673,0.058784796,-0.664879,-0.101378,0.135428,1016.548523
508938,0.452374,0.030278,0.16477,0.903169694,0.004290204,0.061981122,-0.668847,-0.096807,0.135155,1016.548523
509038,0.404228,0.024179,0.141323,0.966830102,0.081294592,0.043356122,-0.666864,-0.097361,0.135631,1016.548523
509138,0.319245,0.004221,0.114541,1.030761429,0.135285816,0.017384898,-0.669823,-0.096245,0.134181,1016.548523
509238,0.216291,-0.018655,0.081173,1.088643367,0.146372245,-0.021068265,-0.664863,-0.097368,0.135131,1016.548523
509338,0.107439,-0.049309,0.046576,1.117995,0.11237,-0.057860714,-0.670295,-0.097161,0.132631,1016.548523
509438,0.014284,-0.092751,0.009295,1.117868265,0.049768571,-0.066605306,-0.668276,-0.097619,0.131106,1016.548523
509538,-0.074118,-0.130468,-0.021902,1.111536939,-0.024893673,-0.042353571,-0.671264,-0.097073,0.131131,1016.548523
509638,-0.143932,-0.155795,-0.025168,1.072923878,-0.082613367,-0.001234694,-0.667247,-0.100029,0.12898,1016.548523
509738,-0.191509,-0.179273,-0.003321,1.022556837,-0.124922551,0.043430102,-0.667763,-0.099571,0.130005,1016.548523
509838,-0.221979,-0.189352,0.028799,0.987867959,-0.139334592,0.087266837,-0.667705,-0.09843,0.127057,1016.548523
509938,-0.234445,-0.176898,0.063082,0.957112653,-0.138056837,0.106347245,-0.666759,-0.100559,0.129455,1016.548523
510038,-0.223834,-0.180918,0.086853,0.917412653,-0.13250551,0.127163776,-0.667697,-0.099403,0.126507,1016.548523
510138,-0.202748,-0.192482,0.101603,0.89195898,-0.126562653,0.13206102,-0.66625,-0.100045,0.128981,1016.548523
510238,-0.177183,-0.210845,0.111994,0.877791122,-0.115830714,0.131777653,-0.667192,-0.100881,0.125931,1016.548523
510338,-0.141817,-0.219075,0.12346,0.878875612,-0.101991837,0.134548265,-0.665213,-0.10293,0.12633,1016.548523
510438,-0.11432,-0.204818,0.129845,0.890981735,-0.082772551,0.132279388,-0.667706,-0.104385,0.126253,1016.548523
510538,-0.095752,-0.178798,0.125145,0.879792755,-0.06285449,0.133165102,-0.6642,-0.103894,0.12528,1016.548523
510638,-0.106521,-0.149883,0.108745,0.880111837,-0.052019286,0.132829796,-0.666174,-0.104312,0.124254,1016.548523
510738,-0.131854,-0.125556,0.090031,0.872683673,-0.048086633,0.120992857,-0.668649,-0.105719,0.123178,1016.548523
510838,-0.164897,-0.12893,0.076987,0.864835714,-0.054508469,0.104106122,-0.666631,-0.106675,0.121628,1016.548523
510938,-0.185639,-0.165471,0.067281,0.856199082,-0.062779388,0.097965102,-0.664145,-0.109704,0.121476,1016.548523
511038,-0.197897,-0.193015,0.0614,0.870380204,-0.07739,0.103717857,-0.666617,-0.109616,0.120476,1016.548523
511138,-0.204697,-0.194011,0.054144,0.876414694,-0.092021837,0.11601551,-0.663145,-0.112685,0.120824,1016.548523
511238,-0.231654,-0.163725,0.04188,0.894807551,-0.10895102,0.133663163,-0.665076,-0.114478,0.117223,1016.548523
511338,-0.274246,-0.105003,0.028542,0.903812041,-0.120193367,0.148108061,-0.664604,-0.11852,0.11802,1016.548523
511438,-0.31057,-0.045085,0.012987,0.901228367,-0.125172959,0.152143878,-0.662546,-0.118383,0.114522,1016.548523
511538,-0.331235,-0.012048,-0.005374,0.906507041,-0.127104082,0.146139898,-0.663033,-0.122811,0.113293,1016.548523
511638,-0.338913,-0.006162,-0.022717,0.919281633,-0.132673367,0.137612551,-0.662495,-0.126186,0.110617,1016.548523
511738,-0.335751,-0.020746,-0.031889,0.930573265,-0.140915918,0.123443367,-0.66192,-0.125005,0.106669,1016.548523
511838,-0.308855,-0.042365,-0.034292,0.931729184,-0.155567857,0.110870408,-0.662436,-0.129505,0.106941,1016.550232
511938,-0.258129,-0.058103,-0.033915,0.925921327,-0.167977551,0.103496939,-0.660891,-0.132373,0.103789,1016.550232
512038,-0.195125,-0.056722,-0.031853,0.927573878,-0.18343602,0.101538469,-0.662311,-0.132157,0.099791,1016.550232
512138,-0.12983,-0.05306,-0.025787,0.932438571,-0.195527143,0.103711224,-0.661811,-0.136625,0.099062,1016.550232
512238,-0.079401,-0.037435,-0.017658,0.945686327,-0.197095306,0.119185714,-0.660844,-0.137211,0.100537,1016.550232
512338,-0.041688,-0.001156,-0.018289,0.975023163,-0.191932857,0.132148367,-0.662314,-0.139108,0.098935,1016.550232
512438,-0.006952,0.051572,-0.024536,1.007335,-0.182032857,0.152654592,-0.662841,-0.139671,0.100409,1016.550232
512538,0.011522,0.110235,-0.037961,1.034146327,-0.170910306,0.171335612,-0.664254,-0.140925,0.095834,1016.550232
512638,0.031557,0.162018,-0.057897,1.045164184,-0.161915,0.170715714,-0.664231,-0.143842,0.094182,1016.550232
512738,0.075733,0.215352,-0.077005,1.05457398,-0.152909592,0.179885306,-0.666206,-0.14426,0.093157,1016.550232
512838,0.146074,0.280213,-0.096071,1.070702041,-0.143623878,0.198897551,-0.667158,-0.145619,0.090581,1016.550232
512938,0.21952,0.341651,-0.120637,1.080793163,-0.12913398,0.212483367,-0.669622,-0.146005,0.089055,1016.550232
513038,0.270618,0.391629,-0.145194,1.084823061,-0.102897245,0.240432347,-0.668048,-0.148304,0.084431,1016.550232
513138,0.272725,0.434984,-0.179358,1.087175918,-0.076637755,0.291173469,-0.669027,-0.148738,0.083405,1016.550232
513238,0.226645,0.493356,-0.212129,1.09530449,-0.050074184,0.348388367,-0.671492,-0.150121,0.081829,1016.550232
513338,0.153279,0.579788,-0.249403,1.114418673,-0.019878061,0.390831122,-0.673448,-0.155449,0.07905,1016.550232
513438,0.074415,0.690525,-0.293613,1.14187449,0.003953673,0.401612245,-0.67337,-0.153264,0.075153,1016.550232
513538,0.026017,0.791879,-0.332261,1.156658673,0.014893265,0.372136939,-0.672315,-0.157097,0.071451,1016.550232
513638,0.015278,0.834091,-0.358722,1.146647755,0.009700612,0.309434694,-0.6742,-0.159267,0.065326,1016.550232
513738,0.029095,0.79243,-0.372377,1.130845102,-0.016273061,0.255946122,-0.672654,-0.161139,0.062226,1016.550232
513838,0.062278,0.710215,-0.372125,1.137797245,-0.042193878,0.204237143,-0.672072,-0.166387,0.056949,1016.550232
513938,0.071175,0.636827,-0.361145,1.184789898,-0.05802102,0.148640408,-0.670061,-0.171329,0.055196,1016.550232
514038,0.037452,0.556182,-0.334051,1.227372041,-0.078943673,0.069829184,-0.666999,-0.17218,0.051148,1016.550232
514138,-0.002776,0.437971,-0.287968,1.223847041,-0.099252653,-0.047486327,-0.668434,-0.174977,0.047496,1016.550232
514238,0.016638,0.233659,-0.259607,1.217429898,-0.127447857,-0.14062949,-0.666941,-0.175997,0.047446,1016.550232
514338,0.031055,0.025695,-0.249165,1.210376224,-0.088470612,-0.111513265,-0.664974,-0.180063,0.048243,1016.550232
514438,0.036622,-0.127446,-0.264356,1.186944184,-0.043292959,-0.02791398,-0.665972,-0.181043,0.048192,1016.550232
514538,0.036552,-0.217046,-0.28694,1.138227959,0.00236,0.040086429,-0.663545,-0.185213,0.050988,1016.550232
514638,0.027629,-0.271373,-0.306799,1.048264388,0.051559184,0.074461429,-0.659025,-0.185686,0.048965,1016.550232
514738,-0.017357,-0.338116,-0.311359,0.944016837,0.095733061,0.097879694,-0.657554,-0.188249,0.049838,1016.550232
514838,-0.114157,-0.40775,-0.314957,0.848494898,0.12665551,0.114990102,-0.657119,-0.192388,0.052634,1016.550232
514938,-0.24778,-0.438642,-0.312258,0.776694796,0.150917449,0.117882959,-0.655684,-0.194548,0.055531,1016.550232
515038,-0.405558,-0.390555,-0.285139,0.725092041,0.159976224,0.111176327,-0.653689,-0.203998,0.05405,1016.546204
515138,-0.577635,-0.260729,-0.248821,0.672425612,0.168312653,0.091440204,-0.651655,-0.206401,0.051424,1016.546204
515238,-0.682763,-0.10302,-0.200754,0.682606429,0.136174286,0.060719082,-0.652142,-0.215787,0.049442,1016.546204
515338,-0.671758,0.023012,-0.15151,0.730147041,0.09083551,0.023578469,-0.653509,-0.222377,0.041589,1016.546204
515438,-0.590537,0.105938,-0.090937,0.802627347,0.047422347,0.000526122,-0.653398,-0.227545,0.034812,1016.546204
515538,-0.489398,0.138698,-0.047809,0.887928469,0.018660612,-0.002346531,-0.655804,-0.232247,0.029559,1016.546204
515638,-0.374163,0.130916,-0.029814,0.991120816,-0.01040551,0.017445,-0.655817,-0.239222,0.029204,1016.546204
515738,-0.233402,0.122206,-0.021646,1.091633776,-0.040829286,0.048036633,-0.661122,-0.245628,0.01885,1016.546204
515838,-0.092159,0.117038,-0.023508,1.169709898,-0.059132143,0.057500612,-0.662584,-0.248498,0.016698,1016.546204
515938,0.016304,0.079665,-0.034213,1.22413398,-0.072051735,0.034535612,-0.66404,-0.252838,0.01397,1016.546204
516038,0.079803,0.030574,-0.045054,1.232280918,-0.06695051,0.012052143,-0.666498,-0.255691,0.011817,1016.546204
516138,0.101155,-0.001551,-0.054434,1.180578163,-0.057047245,0.012701633,-0.669456,-0.258537,0.009665,1016.546204
516238,0.096447,-0.057502,-0.06774,1.09823898,-0.050068571,0.043010714,-0.67041,-0.26139,0.007013,1016.546204
516338,0.08909,-0.142434,-0.074135,1.022426327,-0.038532959,0.106369592,-0.674889,-0.264284,0.006359,1016.546204
516438,0.040579,-0.204475,-0.060038,0.980629796,-0.024326429,0.165436939,-0.675865,-0.263224,0.00541,1016.546204
516538,-0.027885,-0.210179,-0.018217,0.958276224,-0.004413061,0.201147755,-0.680324,-0.265073,0.003808,1016.546204
516638,-0.109311,-0.175951,0.019214,0.934875102,0.029783776,0.202855816,-0.679795,-0.268472,0.001631,1016.546204
516738,-0.185725,-0.106411,0.045399,0.89654449,0.056008571,0.179199898,-0.684241,-0.268305,-0.00037,1016.546204
516838,-0.211359,-0.048966,0.058727,0.857148265,0.066649796,0.148277041,-0.68765,-0.27152,-0.005047,1016.546204
516938,-0.198602,-0.013009,0.067038,0.849320204,0.062657959,0.128514898,-0.69305,-0.273708,-0.009674,1016.546204
517038,-0.147231,-0.002892,0.074097,0.861764796,0.04190602,0.114431531,-0.6975,-0.270575,-0.011022,1016.546204
517138,-0.068282,-0.038081,0.076001,0.873621531,0.014363469,0.110907041,-0.702409,-0.271798,-0.015098,1016.546204
517238,-0.001593,-0.099566,0.078249,0.891142653,-0.006403673,0.116274388,-0.702358,-0.274145,-0.018224,1016.546204
517338,0.038688,-0.159169,0.072831,0.912975918,-0.014967857,0.121670204,-0.709765,-0.274356,-0.021751,1016.546204
517438,0.066623,-0.198469,0.060127,0.922398265,-0.009202347,0.12650602,-0.714215,-0.271223,-0.023099,1016.546204
517538,0.088555,-0.212075,0.034595,0.923755816,0.010969286,0.13402449,-0.721688,-0.272101,-0.023152,1016.546204
517638,0.098416,-0.214898,0.008758,0.913800816,0.037008469,0.138927449,-0.729167,-0.270512,-0.022578,1016.546204
517738,0.080186,-0.227185,-0.012723,0.900238571,0.056240918,0.139393265,-0.732632,-0.268914,-0.023503,1016.546204
517838,0.055303,-0.249043,-0.024305,0.885943878,0.065818878,0.147252959,-0.736702,-0.269565,-0.019031,1016.546204
517938,0.042923,-0.263053,-0.018969,0.880303163,0.073180204,0.164321429,-0.742646,-0.265911,-0.020355,1016.546204
518038,0.028103,-0.234336,-0.007251,0.88349398,0.079267449,0.178107755,-0.749121,-0.26085,-0.019603,1016.546204
518138,0.014223,-0.176227,0.001443,0.893769592,0.086065,0.177294796,-0.757597,-0.259743,-0.019055,1016.546204
518238,0.001962,-0.132376,0.013152,0.902156735,0.086184184,0.172531735,-0.762092,-0.255734,-0.017853,1016.546204
518338,0.010655,-0.12251,0.024636,0.903675408,0.086488776,0.159335612,-0.769551,-0.253599,-0.018254,1016.546204
518438,0.031066,-0.152865,0.026601,0.909282653,0.093334082,0.15094551,-0.772051,-0.248625,-0.017001,1016.546204
518538,0.045701,-0.196725,0.023648,0.937807959,0.093249592,0.156995306,-0.781507,-0.243991,-0.016775,1016.546204
518638,0.052488,-0.222212,0.016923,0.973632959,0.08539102,0.171978163,-0.782548,-0.237643,-0.013446,1016.546204
518738,0.043296,-0.236595,0.006261,0.998735612,0.077802245,0.179847347,-0.793069,-0.235154,-0.009824,1016.546204
518838,0.014063,-0.234516,-0.004882,1.007443163,0.073555204,0.185862755,-0.792552,-0.229657,-0.010044,1016.546204
518938,-0.013246,-0.198493,-0.015959,1.006111429,0.061053061,0.197498265,-0.798068,-0.229168,-0.008021,1016.546204
519038,-0.004278,-0.117053,-0.012191,1.008023776,0.027666122,0.206812959,-0.801055,-0.223166,-0.007218,1016.546204
519138,0.04029,-0.007584,-0.003362,1.009370102,-0.00898898,0.192225612,-0.80601,-0.218555,-0.00799,1016.546204
519238,0.090949,0.080063,0.002521,1.010698367,-0.029693571,0.172539286,-0.808538,-0.213654,-0.005238,1016.546204
519338,0.146643,0.116451,0.013901,0.945958673,-0.064484286,0.168991633,-0.814441,-0.208408,-0.008484,1016.546204
519438,0.1784,0.149925,0.008845,0.98191602,-0.057828367,0.172238673,-0.815419,-0.203386,-0.00873,1016.546204
519538,0.230131,0.175751,0.019684,0.975028469,-0.060761633,0.209157551,-0.817847,-0.199216,-0.011527,1016.546204
519638,0.242194,0.206628,0.036788,0.955617755,-0.069173469,0.249019388,-0.821897,-0.193865,-0.00725,1016.546204
519738,0.19093,0.232622,0.0676,0.951743469,-0.052149388,0.283508469,-0.823916,-0.193407,-0.005726,1016.546204
519838,0.104344,0.280246,0.09734,0.950672755,-0.01847898,0.307993367,-0.825338,-0.188731,-0.008996,1016.546204
519938,0.03318,0.34031,0.122281,0.955859388,0.038527857,0.317955816,-0.832329,-0.183212,-0.00722,1016.546204
520038,0.002571,0.420785,0.13753,0.979450306,0.088805306,0.311534388,-0.829757,-0.179073,-0.011014,1016.546204
520138,0.040017,0.515936,0.148366,1.027178163,0.100981837,0.294858265,-0.836725,-0.175475,-0.010839,1016.546204
520238,0.143096,0.606743,0.156874,1.083185612,0.081086224,0.255345306,-0.838686,-0.173378,-0.012237,1016.546204
520338,0.253554,0.632724,0.166806,1.142147449,0.048972245,0.219887653,-0.842035,-0.169,-0.019032,1016.546204
520438,0.317364,0.57321,0.168554,1.210137959,0.019342347,0.19294051,-0.84802,-0.167933,-0.018483,1016.546204
520538,0.319361,0.443868,0.153781,1.301375408,-0.009020816,0.159919184,-0.845991,-0.16291,-0.019728,1016.546204
520638,0.261028,0.316715,0.125904,1.440565,-0.031956224,0.130102143,-0.851405,-0.162654,-0.023228,1016.546204
520738,0.156169,0.249107,0.082926,1.547833673,-0.042103878,0.075682959,-0.852877,-0.160589,-0.024127,1016.546204
520838,0.01077,0.261959,0.031258,1.550030612,-0.031180306,0.008151735,-0.856843,-0.160478,-0.025128,1016.546204
520938,-0.13932,0.267662,-0.011752,1.396521122,-0.03807449,-0.042609388,-0.855773,-0.160301,-0.029126,1016.546204
521038,-0.201004,0.160806,-0.022938,1.248408878,-0.034402857,-0.048070408,-0.856178,-0.160052,-0.034124,1016.546204
521138,-0.175033,0.021599,-0.017135,1.159227653,-0.022534592,-0.01036551,-0.856665,-0.159024,-0.034573,1016.546204
521238,-0.112487,-0.067632,-0.013239,1.085144388,-0.013700816,0.03272898,-0.856637,-0.158952,-0.036072,1016.546204
521338,-0.021317,-0.113507,-0.017031,1.016036837,-0.005350714,0.054908673,-0.859141,-0.161427,-0.035701,1016.546204
521438,0.06958,-0.138712,-0.035464,0.910489184,-0.012564796,0.050202347,-0.858151,-0.159474,-0.035099,1016.546204
521538,0.183706,-0.153491,-0.050483,0.824062551,-0.028733265,0.048357551,-0.858186,-0.158076,-0.033023,1016.547974
521638,0.277783,-0.11714,-0.075309,0.744274388,-0.037129898,0.049005714,-0.860689,-0.160053,-0.032626,1016.547974
521738,0.343835,-0.0631,-0.110808,0.688116429,-0.03419102,0.053837959,-0.860674,-0.15704,-0.032973,1016.547974
521838,0.377841,-0.01665,-0.147439,0.648050204,-0.037190612,0.045688776,-0.859194,-0.159579,-0.0326,1016.547974
521938,0.437016,-0.002369,-0.155646,0.673482551,-0.056948265,0.027574388,-0.861239,-0.158197,-0.029526,1016.547974
522038,0.523819,-0.002193,-0.134787,0.765551429,-0.072108163,0.014953061,-0.864273,-0.157274,-0.026977,1016.547974
522138,0.584216,-0.000108,-0.096577,0.87732051,-0.063297551,0.012148776,-0.864346,-0.156968,-0.022953,1016.547974
522238,0.58769,0.015049,-0.042673,0.995241531,-0.046252959,0.023176122,-0.8629,-0.158109,-0.020504,1016.547974
522338,0.549259,0.041335,0.013618,1.103452449,-0.027635102,0.040254286,-0.865904,-0.156116,-0.019404,1016.547974
522438,0.464118,0.06342,0.063249,1.170574694,-0.004380204,0.039250408,-0.866471,-0.147856,-0.014474,1016.547974
